"","ID"
"1","B5A9962"
"2","B4P9127"
"3","B5A9459"
"4","B4X8849"
"5","B5A9831"
"6","B4X8611"
"7","B5A9255"
"8","B5A9807"
"9","B5A9219"
"10","B5A9539"
"11","B5A9953"
"12","B5A9527"
"13","B4X8855"
"14","B4X8835"
"15","B5A9149"
"16","B5A9961"
"17","B4P9391"
"18","B4H1675"
"19","B4X8996"
"20","B4X1858"
"21","B4P9497"
"22","B5A9772"
"23","B4X8486"
"24","B4X8962"
"25","B4X1839"
"26","B4X1585"
"27","B4X8963"
"28","B5A9417"
"29","B4X8530"
"30","B4X8644"
"31","B4X8991"
"32","B5A9540"
"33","B4X1753"
"34","B5A9520"
"35","B4P8576"
"36","B4X8965"
"37","B4P8196"
"38","B4X1898"
"39","B4H1828"
"40","B4X1695"
"41","B4H1064"
"42","B4X8834"
"43","B5A9715"
"44","B4E9258"
"45","B5A9865"
"46","B4X1915"
"47","B4X8535"
"48","B5A9287"
"49","B4X8995"
"50","B5G9399"
"51","B4X8372"
"52","B4P8414"
"53","B5A9902"
"54","B4X1883"
"55","B5A9504"
"56","B4X8296"
"57","B4X1838"
"58","B5G9344"
"59","B4X1039"
"60","B4P9307"
"61","B4X1624"
"62","B4P8017"
"63","B4X1240"
"64","B5A9142"
"65","B4X8857"
"66","B4X8626"
"67","B4X1912"
"68","B5A9717"
"69","B4X1401"
"70","B4P8598"
"71","B4P9951"
"72","B4X1828"
"73","B4X1800"
"74","B5A9143"
"75","B4X8049"
"76","B4X8975"
"77","B4X8998"
"78",""
"79","B4P9695"
"80","B4X8643"
"81","B4X8349"
"82","B5G9397"
"83","B5A9404"
"84","B4X8586"
"85","B4X8077"
"86","B5A9908"
"87","B4X8890"
"88","B4X1443"
"89","B5A9536"
"90","B5A9946"
"91","B4P9643"
"92","B5A9809"
"93","B4P8420"
"94","B5A9167"
"95","B5A9985"
"96","B5A9915"
"97","B4H0518"
"98","B5A9786"
"99","B5A9887"
"100","B4X1463"
"101","B4P9926"
"102","B5A9206"
"103","B4H1001"
"104","B4X1358"
"105","B5A9503"
"106","B5A9289"
"107","B4X1708"
"108","B4P9104"
"109","B4X8524"
"110","B5A9294"
"111","B5A9012"
"112","B4P9342"
"113","B4X1892"
"114","B4X8868"
"115","B4X1854"
"116","B5A9413"
"117","B4X1151"
"118","B5A9471"
"119","B4X1181"
"120","B4P9213"
"121","B5A9524"
"122","B4X9000"
"123","B4X1408"
"124","B4X1340"
"125","B4X8969"
"126","B5A9389"
"127","B4P9239"
"128","B5G9337"
